id,Forces_CSV
0,results/forces/gaussian_1000/forces/0.csv
1,results/forces/gaussian_1000/forces/1.csv
2,results/forces/gaussian_1000/forces/2.csv
3,results/forces/gaussian_1000/forces/3.csv
4,results/forces/gaussian_1000/forces/4.csv
5,results/forces/gaussian_1000/forces/5.csv
6,results/forces/gaussian_1000/forces/6.csv
7,results/forces/gaussian_1000/forces/7.csv
8,results/forces/gaussian_1000/forces/8.csv
9,results/forces/gaussian_1000/forces/9.csv
10,results/forces/gaussian_1000/forces/10.csv
11,results/forces/gaussian_1000/forces/11.csv
12,results/forces/gaussian_1000/forces/12.csv
13,results/forces/gaussian_1000/forces/13.csv
14,results/forces/gaussian_1000/forces/14.csv
15,results/forces/gaussian_1000/forces/15.csv
16,results/forces/gaussian_1000/forces/16.csv
17,results/forces/gaussian_1000/forces/17.csv
18,results/forces/gaussian_1000/forces/18.csv
19,results/forces/gaussian_1000/forces/19.csv
20,results/forces/gaussian_1000/forces/20.csv
21,results/forces/gaussian_1000/forces/21.csv
22,results/forces/gaussian_1000/forces/22.csv
23,results/forces/gaussian_1000/forces/23.csv
24,results/forces/gaussian_1000/forces/24.csv
25,results/forces/gaussian_1000/forces/25.csv
26,results/forces/gaussian_1000/forces/26.csv
27,results/forces/gaussian_1000/forces/27.csv
28,results/forces/gaussian_1000/forces/28.csv
29,results/forces/gaussian_1000/forces/29.csv
30,results/forces/gaussian_1000/forces/30.csv
31,results/forces/gaussian_1000/forces/31.csv
32,results/forces/gaussian_1000/forces/32.csv
33,results/forces/gaussian_1000/forces/33.csv
34,results/forces/gaussian_1000/forces/34.csv
35,results/forces/gaussian_1000/forces/35.csv
36,results/forces/gaussian_1000/forces/36.csv
37,results/forces/gaussian_1000/forces/37.csv
38,results/forces/gaussian_1000/forces/38.csv
39,results/forces/gaussian_1000/forces/39.csv
40,results/forces/gaussian_1000/forces/40.csv
41,results/forces/gaussian_1000/forces/41.csv
42,results/forces/gaussian_1000/forces/42.csv
43,results/forces/gaussian_1000/forces/43.csv
44,results/forces/gaussian_1000/forces/44.csv
45,results/forces/gaussian_1000/forces/45.csv
46,results/forces/gaussian_1000/forces/46.csv
47,results/forces/gaussian_1000/forces/47.csv
48,results/forces/gaussian_1000/forces/48.csv
49,results/forces/gaussian_1000/forces/49.csv
50,results/forces/gaussian_1000/forces/50.csv
51,results/forces/gaussian_1000/forces/51.csv
52,results/forces/gaussian_1000/forces/52.csv
53,results/forces/gaussian_1000/forces/53.csv
54,results/forces/gaussian_1000/forces/54.csv
55,results/forces/gaussian_1000/forces/55.csv
56,results/forces/gaussian_1000/forces/56.csv
57,results/forces/gaussian_1000/forces/57.csv
58,results/forces/gaussian_1000/forces/58.csv
59,results/forces/gaussian_1000/forces/59.csv
60,results/forces/gaussian_1000/forces/60.csv
61,results/forces/gaussian_1000/forces/61.csv
62,results/forces/gaussian_1000/forces/62.csv
63,results/forces/gaussian_1000/forces/63.csv
64,results/forces/gaussian_1000/forces/64.csv
65,results/forces/gaussian_1000/forces/65.csv
66,results/forces/gaussian_1000/forces/66.csv
67,results/forces/gaussian_1000/forces/67.csv
68,results/forces/gaussian_1000/forces/68.csv
69,results/forces/gaussian_1000/forces/69.csv
70,results/forces/gaussian_1000/forces/70.csv
71,results/forces/gaussian_1000/forces/71.csv
72,results/forces/gaussian_1000/forces/72.csv
73,results/forces/gaussian_1000/forces/73.csv
74,results/forces/gaussian_1000/forces/74.csv
75,results/forces/gaussian_1000/forces/75.csv
76,results/forces/gaussian_1000/forces/76.csv
77,results/forces/gaussian_1000/forces/77.csv
78,results/forces/gaussian_1000/forces/78.csv
79,results/forces/gaussian_1000/forces/79.csv
80,results/forces/gaussian_1000/forces/80.csv
81,results/forces/gaussian_1000/forces/81.csv
82,results/forces/gaussian_1000/forces/82.csv
83,results/forces/gaussian_1000/forces/83.csv
84,results/forces/gaussian_1000/forces/84.csv
85,results/forces/gaussian_1000/forces/85.csv
86,results/forces/gaussian_1000/forces/86.csv
87,results/forces/gaussian_1000/forces/87.csv
88,results/forces/gaussian_1000/forces/88.csv
89,results/forces/gaussian_1000/forces/89.csv
90,results/forces/gaussian_1000/forces/90.csv
91,results/forces/gaussian_1000/forces/91.csv
92,results/forces/gaussian_1000/forces/92.csv
93,results/forces/gaussian_1000/forces/93.csv
94,results/forces/gaussian_1000/forces/94.csv
95,results/forces/gaussian_1000/forces/95.csv
96,results/forces/gaussian_1000/forces/96.csv
97,results/forces/gaussian_1000/forces/97.csv
98,results/forces/gaussian_1000/forces/98.csv
99,results/forces/gaussian_1000/forces/99.csv
100,results/forces/gaussian_1000/forces/100.csv
101,results/forces/gaussian_1000/forces/101.csv
102,results/forces/gaussian_1000/forces/102.csv
103,results/forces/gaussian_1000/forces/103.csv
104,results/forces/gaussian_1000/forces/104.csv
105,results/forces/gaussian_1000/forces/105.csv
106,results/forces/gaussian_1000/forces/106.csv
107,results/forces/gaussian_1000/forces/107.csv
108,results/forces/gaussian_1000/forces/108.csv
109,results/forces/gaussian_1000/forces/109.csv
110,results/forces/gaussian_1000/forces/110.csv
111,results/forces/gaussian_1000/forces/111.csv
112,results/forces/gaussian_1000/forces/112.csv
113,results/forces/gaussian_1000/forces/113.csv
114,results/forces/gaussian_1000/forces/114.csv
115,results/forces/gaussian_1000/forces/115.csv
116,results/forces/gaussian_1000/forces/116.csv
117,results/forces/gaussian_1000/forces/117.csv
118,results/forces/gaussian_1000/forces/118.csv
119,results/forces/gaussian_1000/forces/119.csv
120,results/forces/gaussian_1000/forces/120.csv
121,results/forces/gaussian_1000/forces/121.csv
122,results/forces/gaussian_1000/forces/122.csv
123,results/forces/gaussian_1000/forces/123.csv
124,results/forces/gaussian_1000/forces/124.csv
125,results/forces/gaussian_1000/forces/125.csv
126,results/forces/gaussian_1000/forces/126.csv
127,results/forces/gaussian_1000/forces/127.csv
128,results/forces/gaussian_1000/forces/128.csv
129,results/forces/gaussian_1000/forces/129.csv
130,results/forces/gaussian_1000/forces/130.csv
131,results/forces/gaussian_1000/forces/131.csv
132,results/forces/gaussian_1000/forces/132.csv
133,results/forces/gaussian_1000/forces/133.csv
134,results/forces/gaussian_1000/forces/134.csv
135,results/forces/gaussian_1000/forces/135.csv
136,results/forces/gaussian_1000/forces/136.csv
137,results/forces/gaussian_1000/forces/137.csv
138,results/forces/gaussian_1000/forces/138.csv
139,results/forces/gaussian_1000/forces/139.csv
140,results/forces/gaussian_1000/forces/140.csv
141,results/forces/gaussian_1000/forces/141.csv
142,results/forces/gaussian_1000/forces/142.csv
143,results/forces/gaussian_1000/forces/143.csv
144,results/forces/gaussian_1000/forces/144.csv
145,results/forces/gaussian_1000/forces/145.csv
146,results/forces/gaussian_1000/forces/146.csv
147,results/forces/gaussian_1000/forces/147.csv
148,results/forces/gaussian_1000/forces/148.csv
149,results/forces/gaussian_1000/forces/149.csv
150,results/forces/gaussian_1000/forces/150.csv
151,results/forces/gaussian_1000/forces/151.csv
152,results/forces/gaussian_1000/forces/152.csv
153,results/forces/gaussian_1000/forces/153.csv
154,results/forces/gaussian_1000/forces/154.csv
155,results/forces/gaussian_1000/forces/155.csv
156,results/forces/gaussian_1000/forces/156.csv
157,results/forces/gaussian_1000/forces/157.csv
158,results/forces/gaussian_1000/forces/158.csv
159,results/forces/gaussian_1000/forces/159.csv
160,results/forces/gaussian_1000/forces/160.csv
161,results/forces/gaussian_1000/forces/161.csv
162,results/forces/gaussian_1000/forces/162.csv
163,results/forces/gaussian_1000/forces/163.csv
164,results/forces/gaussian_1000/forces/164.csv
165,results/forces/gaussian_1000/forces/165.csv
166,results/forces/gaussian_1000/forces/166.csv
167,results/forces/gaussian_1000/forces/167.csv
168,results/forces/gaussian_1000/forces/168.csv
169,results/forces/gaussian_1000/forces/169.csv
170,results/forces/gaussian_1000/forces/170.csv
171,results/forces/gaussian_1000/forces/171.csv
172,results/forces/gaussian_1000/forces/172.csv
173,results/forces/gaussian_1000/forces/173.csv
174,results/forces/gaussian_1000/forces/174.csv
175,results/forces/gaussian_1000/forces/175.csv
176,results/forces/gaussian_1000/forces/176.csv
177,results/forces/gaussian_1000/forces/177.csv
178,results/forces/gaussian_1000/forces/178.csv
179,results/forces/gaussian_1000/forces/179.csv
180,results/forces/gaussian_1000/forces/180.csv
181,results/forces/gaussian_1000/forces/181.csv
182,results/forces/gaussian_1000/forces/182.csv
183,results/forces/gaussian_1000/forces/183.csv
184,results/forces/gaussian_1000/forces/184.csv
185,results/forces/gaussian_1000/forces/185.csv
186,results/forces/gaussian_1000/forces/186.csv
187,results/forces/gaussian_1000/forces/187.csv
188,results/forces/gaussian_1000/forces/188.csv
189,results/forces/gaussian_1000/forces/189.csv
190,results/forces/gaussian_1000/forces/190.csv
191,results/forces/gaussian_1000/forces/191.csv
192,results/forces/gaussian_1000/forces/192.csv
193,results/forces/gaussian_1000/forces/193.csv
194,results/forces/gaussian_1000/forces/194.csv
195,results/forces/gaussian_1000/forces/195.csv
196,results/forces/gaussian_1000/forces/196.csv
197,results/forces/gaussian_1000/forces/197.csv
198,results/forces/gaussian_1000/forces/198.csv
199,results/forces/gaussian_1000/forces/199.csv
200,results/forces/gaussian_1000/forces/200.csv
201,results/forces/gaussian_1000/forces/201.csv
202,results/forces/gaussian_1000/forces/202.csv
203,results/forces/gaussian_1000/forces/203.csv
204,results/forces/gaussian_1000/forces/204.csv
205,results/forces/gaussian_1000/forces/205.csv
206,results/forces/gaussian_1000/forces/206.csv
207,results/forces/gaussian_1000/forces/207.csv
208,results/forces/gaussian_1000/forces/208.csv
209,results/forces/gaussian_1000/forces/209.csv
210,results/forces/gaussian_1000/forces/210.csv
211,results/forces/gaussian_1000/forces/211.csv
212,results/forces/gaussian_1000/forces/212.csv
213,results/forces/gaussian_1000/forces/213.csv
214,results/forces/gaussian_1000/forces/214.csv
215,results/forces/gaussian_1000/forces/215.csv
216,results/forces/gaussian_1000/forces/216.csv
217,results/forces/gaussian_1000/forces/217.csv
218,results/forces/gaussian_1000/forces/218.csv
219,results/forces/gaussian_1000/forces/219.csv
220,results/forces/gaussian_1000/forces/220.csv
221,results/forces/gaussian_1000/forces/221.csv
222,results/forces/gaussian_1000/forces/222.csv
223,results/forces/gaussian_1000/forces/223.csv
224,results/forces/gaussian_1000/forces/224.csv
225,results/forces/gaussian_1000/forces/225.csv
226,results/forces/gaussian_1000/forces/226.csv
227,results/forces/gaussian_1000/forces/227.csv
228,results/forces/gaussian_1000/forces/228.csv
229,results/forces/gaussian_1000/forces/229.csv
230,results/forces/gaussian_1000/forces/230.csv
231,results/forces/gaussian_1000/forces/231.csv
232,results/forces/gaussian_1000/forces/232.csv
233,results/forces/gaussian_1000/forces/233.csv
234,results/forces/gaussian_1000/forces/234.csv
235,results/forces/gaussian_1000/forces/235.csv
236,results/forces/gaussian_1000/forces/236.csv
237,results/forces/gaussian_1000/forces/237.csv
238,results/forces/gaussian_1000/forces/238.csv
239,results/forces/gaussian_1000/forces/239.csv
240,results/forces/gaussian_1000/forces/240.csv
241,results/forces/gaussian_1000/forces/241.csv
242,results/forces/gaussian_1000/forces/242.csv
243,results/forces/gaussian_1000/forces/243.csv
244,results/forces/gaussian_1000/forces/244.csv
245,results/forces/gaussian_1000/forces/245.csv
246,results/forces/gaussian_1000/forces/246.csv
247,results/forces/gaussian_1000/forces/247.csv
248,results/forces/gaussian_1000/forces/248.csv
249,results/forces/gaussian_1000/forces/249.csv
250,results/forces/gaussian_1000/forces/250.csv
251,results/forces/gaussian_1000/forces/251.csv
252,results/forces/gaussian_1000/forces/252.csv
253,results/forces/gaussian_1000/forces/253.csv
254,results/forces/gaussian_1000/forces/254.csv
255,results/forces/gaussian_1000/forces/255.csv
256,results/forces/gaussian_1000/forces/256.csv
257,results/forces/gaussian_1000/forces/257.csv
258,results/forces/gaussian_1000/forces/258.csv
259,results/forces/gaussian_1000/forces/259.csv
260,results/forces/gaussian_1000/forces/260.csv
261,results/forces/gaussian_1000/forces/261.csv
262,results/forces/gaussian_1000/forces/262.csv
263,results/forces/gaussian_1000/forces/263.csv
264,results/forces/gaussian_1000/forces/264.csv
265,results/forces/gaussian_1000/forces/265.csv
266,results/forces/gaussian_1000/forces/266.csv
267,results/forces/gaussian_1000/forces/267.csv
268,results/forces/gaussian_1000/forces/268.csv
269,results/forces/gaussian_1000/forces/269.csv
270,results/forces/gaussian_1000/forces/270.csv
271,results/forces/gaussian_1000/forces/271.csv
272,results/forces/gaussian_1000/forces/272.csv
273,results/forces/gaussian_1000/forces/273.csv
274,results/forces/gaussian_1000/forces/274.csv
275,results/forces/gaussian_1000/forces/275.csv
276,results/forces/gaussian_1000/forces/276.csv
277,results/forces/gaussian_1000/forces/277.csv
278,results/forces/gaussian_1000/forces/278.csv
279,results/forces/gaussian_1000/forces/279.csv
280,results/forces/gaussian_1000/forces/280.csv
281,results/forces/gaussian_1000/forces/281.csv
282,results/forces/gaussian_1000/forces/282.csv
283,results/forces/gaussian_1000/forces/283.csv
284,results/forces/gaussian_1000/forces/284.csv
285,results/forces/gaussian_1000/forces/285.csv
286,results/forces/gaussian_1000/forces/286.csv
287,results/forces/gaussian_1000/forces/287.csv
288,results/forces/gaussian_1000/forces/288.csv
289,results/forces/gaussian_1000/forces/289.csv
290,results/forces/gaussian_1000/forces/290.csv
291,results/forces/gaussian_1000/forces/291.csv
292,results/forces/gaussian_1000/forces/292.csv
293,results/forces/gaussian_1000/forces/293.csv
294,results/forces/gaussian_1000/forces/294.csv
295,results/forces/gaussian_1000/forces/295.csv
296,results/forces/gaussian_1000/forces/296.csv
297,results/forces/gaussian_1000/forces/297.csv
298,results/forces/gaussian_1000/forces/298.csv
299,results/forces/gaussian_1000/forces/299.csv
300,results/forces/gaussian_1000/forces/300.csv
301,results/forces/gaussian_1000/forces/301.csv
302,results/forces/gaussian_1000/forces/302.csv
303,results/forces/gaussian_1000/forces/303.csv
304,results/forces/gaussian_1000/forces/304.csv
305,results/forces/gaussian_1000/forces/305.csv
306,results/forces/gaussian_1000/forces/306.csv
307,results/forces/gaussian_1000/forces/307.csv
308,results/forces/gaussian_1000/forces/308.csv
309,results/forces/gaussian_1000/forces/309.csv
310,results/forces/gaussian_1000/forces/310.csv
311,results/forces/gaussian_1000/forces/311.csv
312,results/forces/gaussian_1000/forces/312.csv
313,results/forces/gaussian_1000/forces/313.csv
314,results/forces/gaussian_1000/forces/314.csv
315,results/forces/gaussian_1000/forces/315.csv
316,results/forces/gaussian_1000/forces/316.csv
317,results/forces/gaussian_1000/forces/317.csv
318,results/forces/gaussian_1000/forces/318.csv
319,results/forces/gaussian_1000/forces/319.csv
320,results/forces/gaussian_1000/forces/320.csv
321,results/forces/gaussian_1000/forces/321.csv
322,results/forces/gaussian_1000/forces/322.csv
323,results/forces/gaussian_1000/forces/323.csv
324,results/forces/gaussian_1000/forces/324.csv
325,results/forces/gaussian_1000/forces/325.csv
326,results/forces/gaussian_1000/forces/326.csv
327,results/forces/gaussian_1000/forces/327.csv
328,results/forces/gaussian_1000/forces/328.csv
329,results/forces/gaussian_1000/forces/329.csv
330,results/forces/gaussian_1000/forces/330.csv
331,results/forces/gaussian_1000/forces/331.csv
332,results/forces/gaussian_1000/forces/332.csv
333,results/forces/gaussian_1000/forces/333.csv
334,results/forces/gaussian_1000/forces/334.csv
335,results/forces/gaussian_1000/forces/335.csv
336,results/forces/gaussian_1000/forces/336.csv
337,results/forces/gaussian_1000/forces/337.csv
338,results/forces/gaussian_1000/forces/338.csv
339,results/forces/gaussian_1000/forces/339.csv
340,results/forces/gaussian_1000/forces/340.csv
341,results/forces/gaussian_1000/forces/341.csv
342,results/forces/gaussian_1000/forces/342.csv
343,results/forces/gaussian_1000/forces/343.csv
344,results/forces/gaussian_1000/forces/344.csv
345,results/forces/gaussian_1000/forces/345.csv
346,results/forces/gaussian_1000/forces/346.csv
347,results/forces/gaussian_1000/forces/347.csv
348,results/forces/gaussian_1000/forces/348.csv
349,results/forces/gaussian_1000/forces/349.csv
350,results/forces/gaussian_1000/forces/350.csv
351,results/forces/gaussian_1000/forces/351.csv
352,results/forces/gaussian_1000/forces/352.csv
353,results/forces/gaussian_1000/forces/353.csv
354,results/forces/gaussian_1000/forces/354.csv
355,results/forces/gaussian_1000/forces/355.csv
356,results/forces/gaussian_1000/forces/356.csv
357,results/forces/gaussian_1000/forces/357.csv
358,results/forces/gaussian_1000/forces/358.csv
359,results/forces/gaussian_1000/forces/359.csv
360,results/forces/gaussian_1000/forces/360.csv
361,results/forces/gaussian_1000/forces/361.csv
362,results/forces/gaussian_1000/forces/362.csv
363,results/forces/gaussian_1000/forces/363.csv
364,results/forces/gaussian_1000/forces/364.csv
365,results/forces/gaussian_1000/forces/365.csv
366,results/forces/gaussian_1000/forces/366.csv
367,results/forces/gaussian_1000/forces/367.csv
368,results/forces/gaussian_1000/forces/368.csv
369,results/forces/gaussian_1000/forces/369.csv
370,results/forces/gaussian_1000/forces/370.csv
371,results/forces/gaussian_1000/forces/371.csv
372,results/forces/gaussian_1000/forces/372.csv
373,results/forces/gaussian_1000/forces/373.csv
374,results/forces/gaussian_1000/forces/374.csv
375,results/forces/gaussian_1000/forces/375.csv
376,results/forces/gaussian_1000/forces/376.csv
377,results/forces/gaussian_1000/forces/377.csv
378,results/forces/gaussian_1000/forces/378.csv
379,results/forces/gaussian_1000/forces/379.csv
380,results/forces/gaussian_1000/forces/380.csv
381,results/forces/gaussian_1000/forces/381.csv
382,results/forces/gaussian_1000/forces/382.csv
383,results/forces/gaussian_1000/forces/383.csv
384,results/forces/gaussian_1000/forces/384.csv
385,results/forces/gaussian_1000/forces/385.csv
386,results/forces/gaussian_1000/forces/386.csv
387,results/forces/gaussian_1000/forces/387.csv
388,results/forces/gaussian_1000/forces/388.csv
389,results/forces/gaussian_1000/forces/389.csv
390,results/forces/gaussian_1000/forces/390.csv
391,results/forces/gaussian_1000/forces/391.csv
392,results/forces/gaussian_1000/forces/392.csv
393,results/forces/gaussian_1000/forces/393.csv
394,results/forces/gaussian_1000/forces/394.csv
395,results/forces/gaussian_1000/forces/395.csv
396,results/forces/gaussian_1000/forces/396.csv
397,results/forces/gaussian_1000/forces/397.csv
398,results/forces/gaussian_1000/forces/398.csv
399,results/forces/gaussian_1000/forces/399.csv
400,results/forces/gaussian_1000/forces/400.csv
401,results/forces/gaussian_1000/forces/401.csv
402,results/forces/gaussian_1000/forces/402.csv
403,results/forces/gaussian_1000/forces/403.csv
404,results/forces/gaussian_1000/forces/404.csv
405,results/forces/gaussian_1000/forces/405.csv
406,results/forces/gaussian_1000/forces/406.csv
407,results/forces/gaussian_1000/forces/407.csv
408,results/forces/gaussian_1000/forces/408.csv
409,results/forces/gaussian_1000/forces/409.csv
410,results/forces/gaussian_1000/forces/410.csv
411,results/forces/gaussian_1000/forces/411.csv
412,results/forces/gaussian_1000/forces/412.csv
413,results/forces/gaussian_1000/forces/413.csv
414,results/forces/gaussian_1000/forces/414.csv
415,results/forces/gaussian_1000/forces/415.csv
416,results/forces/gaussian_1000/forces/416.csv
417,results/forces/gaussian_1000/forces/417.csv
418,results/forces/gaussian_1000/forces/418.csv
419,results/forces/gaussian_1000/forces/419.csv
420,results/forces/gaussian_1000/forces/420.csv
421,results/forces/gaussian_1000/forces/421.csv
422,results/forces/gaussian_1000/forces/422.csv
423,results/forces/gaussian_1000/forces/423.csv
424,results/forces/gaussian_1000/forces/424.csv
425,results/forces/gaussian_1000/forces/425.csv
426,results/forces/gaussian_1000/forces/426.csv
427,results/forces/gaussian_1000/forces/427.csv
428,results/forces/gaussian_1000/forces/428.csv
429,results/forces/gaussian_1000/forces/429.csv
430,results/forces/gaussian_1000/forces/430.csv
431,results/forces/gaussian_1000/forces/431.csv
432,results/forces/gaussian_1000/forces/432.csv
433,results/forces/gaussian_1000/forces/433.csv
434,results/forces/gaussian_1000/forces/434.csv
435,results/forces/gaussian_1000/forces/435.csv
436,results/forces/gaussian_1000/forces/436.csv
437,results/forces/gaussian_1000/forces/437.csv
438,results/forces/gaussian_1000/forces/438.csv
439,results/forces/gaussian_1000/forces/439.csv
440,results/forces/gaussian_1000/forces/440.csv
441,results/forces/gaussian_1000/forces/441.csv
442,results/forces/gaussian_1000/forces/442.csv
443,results/forces/gaussian_1000/forces/443.csv
444,results/forces/gaussian_1000/forces/444.csv
445,results/forces/gaussian_1000/forces/445.csv
446,results/forces/gaussian_1000/forces/446.csv
447,results/forces/gaussian_1000/forces/447.csv
448,results/forces/gaussian_1000/forces/448.csv
449,results/forces/gaussian_1000/forces/449.csv
450,results/forces/gaussian_1000/forces/450.csv
451,results/forces/gaussian_1000/forces/451.csv
452,results/forces/gaussian_1000/forces/452.csv
453,results/forces/gaussian_1000/forces/453.csv
454,results/forces/gaussian_1000/forces/454.csv
455,results/forces/gaussian_1000/forces/455.csv
456,results/forces/gaussian_1000/forces/456.csv
457,results/forces/gaussian_1000/forces/457.csv
458,results/forces/gaussian_1000/forces/458.csv
459,results/forces/gaussian_1000/forces/459.csv
460,results/forces/gaussian_1000/forces/460.csv
461,results/forces/gaussian_1000/forces/461.csv
462,results/forces/gaussian_1000/forces/462.csv
463,results/forces/gaussian_1000/forces/463.csv
464,results/forces/gaussian_1000/forces/464.csv
465,results/forces/gaussian_1000/forces/465.csv
466,results/forces/gaussian_1000/forces/466.csv
467,results/forces/gaussian_1000/forces/467.csv
468,results/forces/gaussian_1000/forces/468.csv
469,results/forces/gaussian_1000/forces/469.csv
470,results/forces/gaussian_1000/forces/470.csv
471,results/forces/gaussian_1000/forces/471.csv
472,results/forces/gaussian_1000/forces/472.csv
473,results/forces/gaussian_1000/forces/473.csv
474,results/forces/gaussian_1000/forces/474.csv
475,results/forces/gaussian_1000/forces/475.csv
476,results/forces/gaussian_1000/forces/476.csv
477,results/forces/gaussian_1000/forces/477.csv
478,results/forces/gaussian_1000/forces/478.csv
479,results/forces/gaussian_1000/forces/479.csv
480,results/forces/gaussian_1000/forces/480.csv
481,results/forces/gaussian_1000/forces/481.csv
482,results/forces/gaussian_1000/forces/482.csv
483,results/forces/gaussian_1000/forces/483.csv
484,results/forces/gaussian_1000/forces/484.csv
485,results/forces/gaussian_1000/forces/485.csv
486,results/forces/gaussian_1000/forces/486.csv
487,results/forces/gaussian_1000/forces/487.csv
488,results/forces/gaussian_1000/forces/488.csv
489,results/forces/gaussian_1000/forces/489.csv
490,results/forces/gaussian_1000/forces/490.csv
491,results/forces/gaussian_1000/forces/491.csv
492,results/forces/gaussian_1000/forces/492.csv
493,results/forces/gaussian_1000/forces/493.csv
494,results/forces/gaussian_1000/forces/494.csv
495,results/forces/gaussian_1000/forces/495.csv
496,results/forces/gaussian_1000/forces/496.csv
497,results/forces/gaussian_1000/forces/497.csv
498,results/forces/gaussian_1000/forces/498.csv
499,results/forces/gaussian_1000/forces/499.csv
500,results/forces/gaussian_1000/forces/500.csv
501,results/forces/gaussian_1000/forces/501.csv
502,results/forces/gaussian_1000/forces/502.csv
503,results/forces/gaussian_1000/forces/503.csv
504,results/forces/gaussian_1000/forces/504.csv
505,results/forces/gaussian_1000/forces/505.csv
506,results/forces/gaussian_1000/forces/506.csv
507,results/forces/gaussian_1000/forces/507.csv
508,results/forces/gaussian_1000/forces/508.csv
509,results/forces/gaussian_1000/forces/509.csv
510,results/forces/gaussian_1000/forces/510.csv
511,results/forces/gaussian_1000/forces/511.csv
512,results/forces/gaussian_1000/forces/512.csv
513,results/forces/gaussian_1000/forces/513.csv
514,results/forces/gaussian_1000/forces/514.csv
515,results/forces/gaussian_1000/forces/515.csv
516,results/forces/gaussian_1000/forces/516.csv
517,results/forces/gaussian_1000/forces/517.csv
518,results/forces/gaussian_1000/forces/518.csv
519,results/forces/gaussian_1000/forces/519.csv
520,results/forces/gaussian_1000/forces/520.csv
521,results/forces/gaussian_1000/forces/521.csv
522,results/forces/gaussian_1000/forces/522.csv
523,results/forces/gaussian_1000/forces/523.csv
524,results/forces/gaussian_1000/forces/524.csv
525,results/forces/gaussian_1000/forces/525.csv
526,results/forces/gaussian_1000/forces/526.csv
527,results/forces/gaussian_1000/forces/527.csv
528,results/forces/gaussian_1000/forces/528.csv
529,results/forces/gaussian_1000/forces/529.csv
530,results/forces/gaussian_1000/forces/530.csv
531,results/forces/gaussian_1000/forces/531.csv
532,results/forces/gaussian_1000/forces/532.csv
533,results/forces/gaussian_1000/forces/533.csv
534,results/forces/gaussian_1000/forces/534.csv
535,results/forces/gaussian_1000/forces/535.csv
536,results/forces/gaussian_1000/forces/536.csv
537,results/forces/gaussian_1000/forces/537.csv
538,results/forces/gaussian_1000/forces/538.csv
539,results/forces/gaussian_1000/forces/539.csv
540,results/forces/gaussian_1000/forces/540.csv
541,results/forces/gaussian_1000/forces/541.csv
542,results/forces/gaussian_1000/forces/542.csv
543,results/forces/gaussian_1000/forces/543.csv
544,results/forces/gaussian_1000/forces/544.csv
545,results/forces/gaussian_1000/forces/545.csv
546,results/forces/gaussian_1000/forces/546.csv
547,results/forces/gaussian_1000/forces/547.csv
548,results/forces/gaussian_1000/forces/548.csv
549,results/forces/gaussian_1000/forces/549.csv
550,results/forces/gaussian_1000/forces/550.csv
551,results/forces/gaussian_1000/forces/551.csv
552,results/forces/gaussian_1000/forces/552.csv
553,results/forces/gaussian_1000/forces/553.csv
554,results/forces/gaussian_1000/forces/554.csv
555,results/forces/gaussian_1000/forces/555.csv
556,results/forces/gaussian_1000/forces/556.csv
557,results/forces/gaussian_1000/forces/557.csv
558,results/forces/gaussian_1000/forces/558.csv
559,results/forces/gaussian_1000/forces/559.csv
560,results/forces/gaussian_1000/forces/560.csv
561,results/forces/gaussian_1000/forces/561.csv
562,results/forces/gaussian_1000/forces/562.csv
563,results/forces/gaussian_1000/forces/563.csv
564,results/forces/gaussian_1000/forces/564.csv
565,results/forces/gaussian_1000/forces/565.csv
566,results/forces/gaussian_1000/forces/566.csv
567,results/forces/gaussian_1000/forces/567.csv
568,results/forces/gaussian_1000/forces/568.csv
569,results/forces/gaussian_1000/forces/569.csv
570,results/forces/gaussian_1000/forces/570.csv
571,results/forces/gaussian_1000/forces/571.csv
572,results/forces/gaussian_1000/forces/572.csv
573,results/forces/gaussian_1000/forces/573.csv
574,results/forces/gaussian_1000/forces/574.csv
575,results/forces/gaussian_1000/forces/575.csv
576,results/forces/gaussian_1000/forces/576.csv
577,results/forces/gaussian_1000/forces/577.csv
578,results/forces/gaussian_1000/forces/578.csv
579,results/forces/gaussian_1000/forces/579.csv
580,results/forces/gaussian_1000/forces/580.csv
581,results/forces/gaussian_1000/forces/581.csv
582,results/forces/gaussian_1000/forces/582.csv
583,results/forces/gaussian_1000/forces/583.csv
584,results/forces/gaussian_1000/forces/584.csv
585,results/forces/gaussian_1000/forces/585.csv
586,results/forces/gaussian_1000/forces/586.csv
587,results/forces/gaussian_1000/forces/587.csv
588,results/forces/gaussian_1000/forces/588.csv
589,results/forces/gaussian_1000/forces/589.csv
590,results/forces/gaussian_1000/forces/590.csv
591,results/forces/gaussian_1000/forces/591.csv
592,results/forces/gaussian_1000/forces/592.csv
593,results/forces/gaussian_1000/forces/593.csv
594,results/forces/gaussian_1000/forces/594.csv
595,results/forces/gaussian_1000/forces/595.csv
596,results/forces/gaussian_1000/forces/596.csv
597,results/forces/gaussian_1000/forces/597.csv
598,results/forces/gaussian_1000/forces/598.csv
599,results/forces/gaussian_1000/forces/599.csv
600,results/forces/gaussian_1000/forces/600.csv
601,results/forces/gaussian_1000/forces/601.csv
602,results/forces/gaussian_1000/forces/602.csv
603,results/forces/gaussian_1000/forces/603.csv
604,results/forces/gaussian_1000/forces/604.csv
605,results/forces/gaussian_1000/forces/605.csv
606,results/forces/gaussian_1000/forces/606.csv
607,results/forces/gaussian_1000/forces/607.csv
608,results/forces/gaussian_1000/forces/608.csv
609,results/forces/gaussian_1000/forces/609.csv
610,results/forces/gaussian_1000/forces/610.csv
611,results/forces/gaussian_1000/forces/611.csv
612,results/forces/gaussian_1000/forces/612.csv
613,results/forces/gaussian_1000/forces/613.csv
614,results/forces/gaussian_1000/forces/614.csv
615,results/forces/gaussian_1000/forces/615.csv
616,results/forces/gaussian_1000/forces/616.csv
617,results/forces/gaussian_1000/forces/617.csv
618,results/forces/gaussian_1000/forces/618.csv
619,results/forces/gaussian_1000/forces/619.csv
620,results/forces/gaussian_1000/forces/620.csv
621,results/forces/gaussian_1000/forces/621.csv
622,results/forces/gaussian_1000/forces/622.csv
623,results/forces/gaussian_1000/forces/623.csv
624,results/forces/gaussian_1000/forces/624.csv
625,results/forces/gaussian_1000/forces/625.csv
626,results/forces/gaussian_1000/forces/626.csv
627,results/forces/gaussian_1000/forces/627.csv
628,results/forces/gaussian_1000/forces/628.csv
629,results/forces/gaussian_1000/forces/629.csv
630,results/forces/gaussian_1000/forces/630.csv
631,results/forces/gaussian_1000/forces/631.csv
632,results/forces/gaussian_1000/forces/632.csv
633,results/forces/gaussian_1000/forces/633.csv
634,results/forces/gaussian_1000/forces/634.csv
635,results/forces/gaussian_1000/forces/635.csv
636,results/forces/gaussian_1000/forces/636.csv
637,results/forces/gaussian_1000/forces/637.csv
638,results/forces/gaussian_1000/forces/638.csv
639,results/forces/gaussian_1000/forces/639.csv
640,results/forces/gaussian_1000/forces/640.csv
641,results/forces/gaussian_1000/forces/641.csv
642,results/forces/gaussian_1000/forces/642.csv
643,results/forces/gaussian_1000/forces/643.csv
644,results/forces/gaussian_1000/forces/644.csv
645,results/forces/gaussian_1000/forces/645.csv
646,results/forces/gaussian_1000/forces/646.csv
647,results/forces/gaussian_1000/forces/647.csv
648,results/forces/gaussian_1000/forces/648.csv
649,results/forces/gaussian_1000/forces/649.csv
650,results/forces/gaussian_1000/forces/650.csv
651,results/forces/gaussian_1000/forces/651.csv
652,results/forces/gaussian_1000/forces/652.csv
653,results/forces/gaussian_1000/forces/653.csv
654,results/forces/gaussian_1000/forces/654.csv
655,results/forces/gaussian_1000/forces/655.csv
656,results/forces/gaussian_1000/forces/656.csv
657,results/forces/gaussian_1000/forces/657.csv
658,results/forces/gaussian_1000/forces/658.csv
659,results/forces/gaussian_1000/forces/659.csv
660,results/forces/gaussian_1000/forces/660.csv
661,results/forces/gaussian_1000/forces/661.csv
662,results/forces/gaussian_1000/forces/662.csv
663,results/forces/gaussian_1000/forces/663.csv
664,results/forces/gaussian_1000/forces/664.csv
665,results/forces/gaussian_1000/forces/665.csv
666,results/forces/gaussian_1000/forces/666.csv
667,results/forces/gaussian_1000/forces/667.csv
668,results/forces/gaussian_1000/forces/668.csv
669,results/forces/gaussian_1000/forces/669.csv
670,results/forces/gaussian_1000/forces/670.csv
671,results/forces/gaussian_1000/forces/671.csv
672,results/forces/gaussian_1000/forces/672.csv
673,results/forces/gaussian_1000/forces/673.csv
674,results/forces/gaussian_1000/forces/674.csv
675,results/forces/gaussian_1000/forces/675.csv
676,results/forces/gaussian_1000/forces/676.csv
677,results/forces/gaussian_1000/forces/677.csv
678,results/forces/gaussian_1000/forces/678.csv
679,results/forces/gaussian_1000/forces/679.csv
680,results/forces/gaussian_1000/forces/680.csv
681,results/forces/gaussian_1000/forces/681.csv
682,results/forces/gaussian_1000/forces/682.csv
683,results/forces/gaussian_1000/forces/683.csv
684,results/forces/gaussian_1000/forces/684.csv
685,results/forces/gaussian_1000/forces/685.csv
686,results/forces/gaussian_1000/forces/686.csv
687,results/forces/gaussian_1000/forces/687.csv
688,results/forces/gaussian_1000/forces/688.csv
689,results/forces/gaussian_1000/forces/689.csv
690,results/forces/gaussian_1000/forces/690.csv
691,results/forces/gaussian_1000/forces/691.csv
692,results/forces/gaussian_1000/forces/692.csv
693,results/forces/gaussian_1000/forces/693.csv
694,results/forces/gaussian_1000/forces/694.csv
695,results/forces/gaussian_1000/forces/695.csv
696,results/forces/gaussian_1000/forces/696.csv
697,results/forces/gaussian_1000/forces/697.csv
698,results/forces/gaussian_1000/forces/698.csv
699,results/forces/gaussian_1000/forces/699.csv
700,results/forces/gaussian_1000/forces/700.csv
701,results/forces/gaussian_1000/forces/701.csv
702,results/forces/gaussian_1000/forces/702.csv
703,results/forces/gaussian_1000/forces/703.csv
704,results/forces/gaussian_1000/forces/704.csv
705,results/forces/gaussian_1000/forces/705.csv
706,results/forces/gaussian_1000/forces/706.csv
707,results/forces/gaussian_1000/forces/707.csv
708,results/forces/gaussian_1000/forces/708.csv
709,results/forces/gaussian_1000/forces/709.csv
710,results/forces/gaussian_1000/forces/710.csv
711,results/forces/gaussian_1000/forces/711.csv
712,results/forces/gaussian_1000/forces/712.csv
713,results/forces/gaussian_1000/forces/713.csv
714,results/forces/gaussian_1000/forces/714.csv
715,results/forces/gaussian_1000/forces/715.csv
716,results/forces/gaussian_1000/forces/716.csv
717,results/forces/gaussian_1000/forces/717.csv
718,results/forces/gaussian_1000/forces/718.csv
719,results/forces/gaussian_1000/forces/719.csv
720,results/forces/gaussian_1000/forces/720.csv
721,results/forces/gaussian_1000/forces/721.csv
722,results/forces/gaussian_1000/forces/722.csv
723,results/forces/gaussian_1000/forces/723.csv
724,results/forces/gaussian_1000/forces/724.csv
725,results/forces/gaussian_1000/forces/725.csv
726,results/forces/gaussian_1000/forces/726.csv
727,results/forces/gaussian_1000/forces/727.csv
728,results/forces/gaussian_1000/forces/728.csv
729,results/forces/gaussian_1000/forces/729.csv
730,results/forces/gaussian_1000/forces/730.csv
731,results/forces/gaussian_1000/forces/731.csv
732,results/forces/gaussian_1000/forces/732.csv
733,results/forces/gaussian_1000/forces/733.csv
734,results/forces/gaussian_1000/forces/734.csv
735,results/forces/gaussian_1000/forces/735.csv
736,results/forces/gaussian_1000/forces/736.csv
737,results/forces/gaussian_1000/forces/737.csv
738,results/forces/gaussian_1000/forces/738.csv
739,results/forces/gaussian_1000/forces/739.csv
740,results/forces/gaussian_1000/forces/740.csv
741,results/forces/gaussian_1000/forces/741.csv
742,results/forces/gaussian_1000/forces/742.csv
743,results/forces/gaussian_1000/forces/743.csv
744,results/forces/gaussian_1000/forces/744.csv
745,results/forces/gaussian_1000/forces/745.csv
746,results/forces/gaussian_1000/forces/746.csv
747,results/forces/gaussian_1000/forces/747.csv
748,results/forces/gaussian_1000/forces/748.csv
749,results/forces/gaussian_1000/forces/749.csv
750,results/forces/gaussian_1000/forces/750.csv
751,results/forces/gaussian_1000/forces/751.csv
752,results/forces/gaussian_1000/forces/752.csv
753,results/forces/gaussian_1000/forces/753.csv
754,results/forces/gaussian_1000/forces/754.csv
755,results/forces/gaussian_1000/forces/755.csv
756,results/forces/gaussian_1000/forces/756.csv
757,results/forces/gaussian_1000/forces/757.csv
758,results/forces/gaussian_1000/forces/758.csv
759,results/forces/gaussian_1000/forces/759.csv
760,results/forces/gaussian_1000/forces/760.csv
761,results/forces/gaussian_1000/forces/761.csv
762,results/forces/gaussian_1000/forces/762.csv
763,results/forces/gaussian_1000/forces/763.csv
764,results/forces/gaussian_1000/forces/764.csv
765,results/forces/gaussian_1000/forces/765.csv
766,results/forces/gaussian_1000/forces/766.csv
767,results/forces/gaussian_1000/forces/767.csv
768,results/forces/gaussian_1000/forces/768.csv
769,results/forces/gaussian_1000/forces/769.csv
770,results/forces/gaussian_1000/forces/770.csv
771,results/forces/gaussian_1000/forces/771.csv
772,results/forces/gaussian_1000/forces/772.csv
773,results/forces/gaussian_1000/forces/773.csv
774,results/forces/gaussian_1000/forces/774.csv
775,results/forces/gaussian_1000/forces/775.csv
776,results/forces/gaussian_1000/forces/776.csv
777,results/forces/gaussian_1000/forces/777.csv
778,results/forces/gaussian_1000/forces/778.csv
779,results/forces/gaussian_1000/forces/779.csv
780,results/forces/gaussian_1000/forces/780.csv
781,results/forces/gaussian_1000/forces/781.csv
782,results/forces/gaussian_1000/forces/782.csv
783,results/forces/gaussian_1000/forces/783.csv
784,results/forces/gaussian_1000/forces/784.csv
785,results/forces/gaussian_1000/forces/785.csv
786,results/forces/gaussian_1000/forces/786.csv
787,results/forces/gaussian_1000/forces/787.csv
788,results/forces/gaussian_1000/forces/788.csv
789,results/forces/gaussian_1000/forces/789.csv
790,results/forces/gaussian_1000/forces/790.csv
791,results/forces/gaussian_1000/forces/791.csv
792,results/forces/gaussian_1000/forces/792.csv
793,results/forces/gaussian_1000/forces/793.csv
794,results/forces/gaussian_1000/forces/794.csv
795,results/forces/gaussian_1000/forces/795.csv
796,results/forces/gaussian_1000/forces/796.csv
797,results/forces/gaussian_1000/forces/797.csv
798,results/forces/gaussian_1000/forces/798.csv
799,results/forces/gaussian_1000/forces/799.csv
800,results/forces/gaussian_1000/forces/800.csv
801,results/forces/gaussian_1000/forces/801.csv
802,results/forces/gaussian_1000/forces/802.csv
803,results/forces/gaussian_1000/forces/803.csv
804,results/forces/gaussian_1000/forces/804.csv
805,results/forces/gaussian_1000/forces/805.csv
806,results/forces/gaussian_1000/forces/806.csv
807,results/forces/gaussian_1000/forces/807.csv
808,results/forces/gaussian_1000/forces/808.csv
809,results/forces/gaussian_1000/forces/809.csv
810,results/forces/gaussian_1000/forces/810.csv
811,results/forces/gaussian_1000/forces/811.csv
812,results/forces/gaussian_1000/forces/812.csv
813,results/forces/gaussian_1000/forces/813.csv
814,results/forces/gaussian_1000/forces/814.csv
815,results/forces/gaussian_1000/forces/815.csv
816,results/forces/gaussian_1000/forces/816.csv
817,results/forces/gaussian_1000/forces/817.csv
818,results/forces/gaussian_1000/forces/818.csv
819,results/forces/gaussian_1000/forces/819.csv
820,results/forces/gaussian_1000/forces/820.csv
821,results/forces/gaussian_1000/forces/821.csv
822,results/forces/gaussian_1000/forces/822.csv
823,results/forces/gaussian_1000/forces/823.csv
824,results/forces/gaussian_1000/forces/824.csv
825,results/forces/gaussian_1000/forces/825.csv
826,results/forces/gaussian_1000/forces/826.csv
827,results/forces/gaussian_1000/forces/827.csv
828,results/forces/gaussian_1000/forces/828.csv
829,results/forces/gaussian_1000/forces/829.csv
830,results/forces/gaussian_1000/forces/830.csv
831,results/forces/gaussian_1000/forces/831.csv
832,results/forces/gaussian_1000/forces/832.csv
833,results/forces/gaussian_1000/forces/833.csv
834,results/forces/gaussian_1000/forces/834.csv
835,results/forces/gaussian_1000/forces/835.csv
836,results/forces/gaussian_1000/forces/836.csv
837,results/forces/gaussian_1000/forces/837.csv
838,results/forces/gaussian_1000/forces/838.csv
839,results/forces/gaussian_1000/forces/839.csv
840,results/forces/gaussian_1000/forces/840.csv
841,results/forces/gaussian_1000/forces/841.csv
842,results/forces/gaussian_1000/forces/842.csv
843,results/forces/gaussian_1000/forces/843.csv
844,results/forces/gaussian_1000/forces/844.csv
845,results/forces/gaussian_1000/forces/845.csv
846,results/forces/gaussian_1000/forces/846.csv
847,results/forces/gaussian_1000/forces/847.csv
848,results/forces/gaussian_1000/forces/848.csv
849,results/forces/gaussian_1000/forces/849.csv
850,results/forces/gaussian_1000/forces/850.csv
851,results/forces/gaussian_1000/forces/851.csv
852,results/forces/gaussian_1000/forces/852.csv
853,results/forces/gaussian_1000/forces/853.csv
854,results/forces/gaussian_1000/forces/854.csv
855,results/forces/gaussian_1000/forces/855.csv
856,results/forces/gaussian_1000/forces/856.csv
857,results/forces/gaussian_1000/forces/857.csv
858,results/forces/gaussian_1000/forces/858.csv
859,results/forces/gaussian_1000/forces/859.csv
860,results/forces/gaussian_1000/forces/860.csv
861,results/forces/gaussian_1000/forces/861.csv
862,results/forces/gaussian_1000/forces/862.csv
863,results/forces/gaussian_1000/forces/863.csv
864,results/forces/gaussian_1000/forces/864.csv
865,results/forces/gaussian_1000/forces/865.csv
866,results/forces/gaussian_1000/forces/866.csv
867,results/forces/gaussian_1000/forces/867.csv
868,results/forces/gaussian_1000/forces/868.csv
869,results/forces/gaussian_1000/forces/869.csv
870,results/forces/gaussian_1000/forces/870.csv
871,results/forces/gaussian_1000/forces/871.csv
872,results/forces/gaussian_1000/forces/872.csv
873,results/forces/gaussian_1000/forces/873.csv
874,results/forces/gaussian_1000/forces/874.csv
875,results/forces/gaussian_1000/forces/875.csv
876,results/forces/gaussian_1000/forces/876.csv
877,results/forces/gaussian_1000/forces/877.csv
878,results/forces/gaussian_1000/forces/878.csv
879,results/forces/gaussian_1000/forces/879.csv
880,results/forces/gaussian_1000/forces/880.csv
881,results/forces/gaussian_1000/forces/881.csv
882,results/forces/gaussian_1000/forces/882.csv
883,results/forces/gaussian_1000/forces/883.csv
884,results/forces/gaussian_1000/forces/884.csv
885,results/forces/gaussian_1000/forces/885.csv
886,results/forces/gaussian_1000/forces/886.csv
887,results/forces/gaussian_1000/forces/887.csv
888,results/forces/gaussian_1000/forces/888.csv
889,results/forces/gaussian_1000/forces/889.csv
890,results/forces/gaussian_1000/forces/890.csv
891,results/forces/gaussian_1000/forces/891.csv
892,results/forces/gaussian_1000/forces/892.csv
893,results/forces/gaussian_1000/forces/893.csv
894,results/forces/gaussian_1000/forces/894.csv
895,results/forces/gaussian_1000/forces/895.csv
896,results/forces/gaussian_1000/forces/896.csv
897,results/forces/gaussian_1000/forces/897.csv
898,results/forces/gaussian_1000/forces/898.csv
899,results/forces/gaussian_1000/forces/899.csv
900,results/forces/gaussian_1000/forces/900.csv
901,results/forces/gaussian_1000/forces/901.csv
902,results/forces/gaussian_1000/forces/902.csv
903,results/forces/gaussian_1000/forces/903.csv
904,results/forces/gaussian_1000/forces/904.csv
905,results/forces/gaussian_1000/forces/905.csv
906,results/forces/gaussian_1000/forces/906.csv
907,results/forces/gaussian_1000/forces/907.csv
908,results/forces/gaussian_1000/forces/908.csv
909,results/forces/gaussian_1000/forces/909.csv
910,results/forces/gaussian_1000/forces/910.csv
911,results/forces/gaussian_1000/forces/911.csv
912,results/forces/gaussian_1000/forces/912.csv
913,results/forces/gaussian_1000/forces/913.csv
914,results/forces/gaussian_1000/forces/914.csv
915,results/forces/gaussian_1000/forces/915.csv
916,results/forces/gaussian_1000/forces/916.csv
917,results/forces/gaussian_1000/forces/917.csv
918,results/forces/gaussian_1000/forces/918.csv
919,results/forces/gaussian_1000/forces/919.csv
920,results/forces/gaussian_1000/forces/920.csv
921,results/forces/gaussian_1000/forces/921.csv
922,results/forces/gaussian_1000/forces/922.csv
923,results/forces/gaussian_1000/forces/923.csv
924,results/forces/gaussian_1000/forces/924.csv
925,results/forces/gaussian_1000/forces/925.csv
926,results/forces/gaussian_1000/forces/926.csv
927,results/forces/gaussian_1000/forces/927.csv
928,results/forces/gaussian_1000/forces/928.csv
929,results/forces/gaussian_1000/forces/929.csv
930,results/forces/gaussian_1000/forces/930.csv
931,results/forces/gaussian_1000/forces/931.csv
932,results/forces/gaussian_1000/forces/932.csv
933,results/forces/gaussian_1000/forces/933.csv
934,results/forces/gaussian_1000/forces/934.csv
935,results/forces/gaussian_1000/forces/935.csv
936,results/forces/gaussian_1000/forces/936.csv
937,results/forces/gaussian_1000/forces/937.csv
938,results/forces/gaussian_1000/forces/938.csv
939,results/forces/gaussian_1000/forces/939.csv
940,results/forces/gaussian_1000/forces/940.csv
941,results/forces/gaussian_1000/forces/941.csv
942,results/forces/gaussian_1000/forces/942.csv
943,results/forces/gaussian_1000/forces/943.csv
944,results/forces/gaussian_1000/forces/944.csv
945,results/forces/gaussian_1000/forces/945.csv
946,results/forces/gaussian_1000/forces/946.csv
947,results/forces/gaussian_1000/forces/947.csv
948,results/forces/gaussian_1000/forces/948.csv
949,results/forces/gaussian_1000/forces/949.csv
950,results/forces/gaussian_1000/forces/950.csv
951,results/forces/gaussian_1000/forces/951.csv
952,results/forces/gaussian_1000/forces/952.csv
953,results/forces/gaussian_1000/forces/953.csv
954,results/forces/gaussian_1000/forces/954.csv
955,results/forces/gaussian_1000/forces/955.csv
956,results/forces/gaussian_1000/forces/956.csv
957,results/forces/gaussian_1000/forces/957.csv
958,results/forces/gaussian_1000/forces/958.csv
959,results/forces/gaussian_1000/forces/959.csv
960,results/forces/gaussian_1000/forces/960.csv
961,results/forces/gaussian_1000/forces/961.csv
962,results/forces/gaussian_1000/forces/962.csv
963,results/forces/gaussian_1000/forces/963.csv
964,results/forces/gaussian_1000/forces/964.csv
965,results/forces/gaussian_1000/forces/965.csv
966,results/forces/gaussian_1000/forces/966.csv
967,results/forces/gaussian_1000/forces/967.csv
968,results/forces/gaussian_1000/forces/968.csv
969,results/forces/gaussian_1000/forces/969.csv
970,results/forces/gaussian_1000/forces/970.csv
971,results/forces/gaussian_1000/forces/971.csv
972,results/forces/gaussian_1000/forces/972.csv
973,results/forces/gaussian_1000/forces/973.csv
974,results/forces/gaussian_1000/forces/974.csv
975,results/forces/gaussian_1000/forces/975.csv
976,results/forces/gaussian_1000/forces/976.csv
977,results/forces/gaussian_1000/forces/977.csv
978,results/forces/gaussian_1000/forces/978.csv
979,results/forces/gaussian_1000/forces/979.csv
980,results/forces/gaussian_1000/forces/980.csv
981,results/forces/gaussian_1000/forces/981.csv
982,results/forces/gaussian_1000/forces/982.csv
983,results/forces/gaussian_1000/forces/983.csv
984,results/forces/gaussian_1000/forces/984.csv
985,results/forces/gaussian_1000/forces/985.csv
986,results/forces/gaussian_1000/forces/986.csv
987,results/forces/gaussian_1000/forces/987.csv
988,results/forces/gaussian_1000/forces/988.csv
989,results/forces/gaussian_1000/forces/989.csv
990,results/forces/gaussian_1000/forces/990.csv
991,results/forces/gaussian_1000/forces/991.csv
992,results/forces/gaussian_1000/forces/992.csv
993,results/forces/gaussian_1000/forces/993.csv
994,results/forces/gaussian_1000/forces/994.csv
995,results/forces/gaussian_1000/forces/995.csv
996,results/forces/gaussian_1000/forces/996.csv
997,results/forces/gaussian_1000/forces/997.csv
998,results/forces/gaussian_1000/forces/998.csv
999,results/forces/gaussian_1000/forces/999.csv
