index,filename
0,trajectory_0.csv
1,trajectory_1.csv
2,trajectory_2.csv
3,trajectory_3.csv
4,trajectory_4.csv
5,trajectory_5.csv
6,trajectory_6.csv
7,trajectory_7.csv
8,trajectory_8.csv
9,trajectory_9.csv
10,trajectory_10.csv
11,trajectory_11.csv
12,trajectory_12.csv
13,trajectory_13.csv
14,trajectory_14.csv
15,trajectory_15.csv
16,trajectory_16.csv
17,trajectory_17.csv
18,trajectory_18.csv
19,trajectory_19.csv
20,trajectory_20.csv
21,trajectory_21.csv
22,trajectory_22.csv
23,trajectory_23.csv
24,trajectory_24.csv
25,trajectory_25.csv
26,trajectory_26.csv
27,trajectory_27.csv
28,trajectory_28.csv
29,trajectory_29.csv
30,trajectory_30.csv
31,trajectory_31.csv
32,trajectory_32.csv
33,trajectory_33.csv
34,trajectory_34.csv
35,trajectory_35.csv
36,trajectory_36.csv
37,trajectory_37.csv
38,trajectory_38.csv
39,trajectory_39.csv
40,trajectory_40.csv
41,trajectory_41.csv
42,trajectory_42.csv
43,trajectory_43.csv
44,trajectory_44.csv
45,trajectory_45.csv
46,trajectory_46.csv
47,trajectory_47.csv
48,trajectory_48.csv
49,trajectory_49.csv
50,trajectory_50.csv
51,trajectory_51.csv
52,trajectory_52.csv
53,trajectory_53.csv
54,trajectory_54.csv
55,trajectory_55.csv
56,trajectory_56.csv
57,trajectory_57.csv
58,trajectory_58.csv
59,trajectory_59.csv
60,trajectory_60.csv
61,trajectory_61.csv
62,trajectory_62.csv
63,trajectory_63.csv
64,trajectory_64.csv
65,trajectory_65.csv
66,trajectory_66.csv
67,trajectory_67.csv
68,trajectory_68.csv
69,trajectory_69.csv
70,trajectory_70.csv
71,trajectory_71.csv
72,trajectory_72.csv
73,trajectory_73.csv
74,trajectory_74.csv
75,trajectory_75.csv
76,trajectory_76.csv
77,trajectory_77.csv
78,trajectory_78.csv
79,trajectory_79.csv
80,trajectory_80.csv
81,trajectory_81.csv
82,trajectory_82.csv
83,trajectory_83.csv
84,trajectory_84.csv
85,trajectory_85.csv
86,trajectory_86.csv
87,trajectory_87.csv
88,trajectory_88.csv
89,trajectory_89.csv
90,trajectory_90.csv
91,trajectory_91.csv
92,trajectory_92.csv
93,trajectory_93.csv
94,trajectory_94.csv
95,trajectory_95.csv
96,trajectory_96.csv
97,trajectory_97.csv
98,trajectory_98.csv
99,trajectory_99.csv
100,trajectory_100.csv
101,trajectory_101.csv
102,trajectory_102.csv
103,trajectory_103.csv
104,trajectory_104.csv
105,trajectory_105.csv
106,trajectory_106.csv
107,trajectory_107.csv
108,trajectory_108.csv
109,trajectory_109.csv
110,trajectory_110.csv
111,trajectory_111.csv
112,trajectory_112.csv
113,trajectory_113.csv
114,trajectory_114.csv
115,trajectory_115.csv
116,trajectory_116.csv
117,trajectory_117.csv
118,trajectory_118.csv
119,trajectory_119.csv
120,trajectory_120.csv
121,trajectory_121.csv
122,trajectory_122.csv
123,trajectory_123.csv
124,trajectory_124.csv
125,trajectory_125.csv
126,trajectory_126.csv
127,trajectory_127.csv
128,trajectory_128.csv
129,trajectory_129.csv
130,trajectory_130.csv
131,trajectory_131.csv
132,trajectory_132.csv
133,trajectory_133.csv
134,trajectory_134.csv
135,trajectory_135.csv
136,trajectory_136.csv
137,trajectory_137.csv
138,trajectory_138.csv
139,trajectory_139.csv
140,trajectory_140.csv
141,trajectory_141.csv
142,trajectory_142.csv
143,trajectory_143.csv
144,trajectory_144.csv
145,trajectory_145.csv
146,trajectory_146.csv
147,trajectory_147.csv
148,trajectory_148.csv
149,trajectory_149.csv
150,trajectory_150.csv
151,trajectory_151.csv
152,trajectory_152.csv
153,trajectory_153.csv
154,trajectory_154.csv
155,trajectory_155.csv
156,trajectory_156.csv
157,trajectory_157.csv
158,trajectory_158.csv
159,trajectory_159.csv
160,trajectory_160.csv
161,trajectory_161.csv
162,trajectory_162.csv
163,trajectory_163.csv
164,trajectory_164.csv
165,trajectory_165.csv
166,trajectory_166.csv
167,trajectory_167.csv
168,trajectory_168.csv
169,trajectory_169.csv
170,trajectory_170.csv
171,trajectory_171.csv
172,trajectory_172.csv
173,trajectory_173.csv
174,trajectory_174.csv
175,trajectory_175.csv
176,trajectory_176.csv
177,trajectory_177.csv
178,trajectory_178.csv
179,trajectory_179.csv
180,trajectory_180.csv
181,trajectory_181.csv
182,trajectory_182.csv
183,trajectory_183.csv
184,trajectory_184.csv
185,trajectory_185.csv
186,trajectory_186.csv
187,trajectory_187.csv
188,trajectory_188.csv
189,trajectory_189.csv
190,trajectory_190.csv
191,trajectory_191.csv
192,trajectory_192.csv
193,trajectory_193.csv
194,trajectory_194.csv
195,trajectory_195.csv
196,trajectory_196.csv
197,trajectory_197.csv
198,trajectory_198.csv
199,trajectory_199.csv
200,trajectory_200.csv
201,trajectory_201.csv
202,trajectory_202.csv
203,trajectory_203.csv
204,trajectory_204.csv
205,trajectory_205.csv
206,trajectory_206.csv
207,trajectory_207.csv
208,trajectory_208.csv
209,trajectory_209.csv
210,trajectory_210.csv
211,trajectory_211.csv
212,trajectory_212.csv
213,trajectory_213.csv
214,trajectory_214.csv
215,trajectory_215.csv
216,trajectory_216.csv
217,trajectory_217.csv
218,trajectory_218.csv
219,trajectory_219.csv
220,trajectory_220.csv
221,trajectory_221.csv
222,trajectory_222.csv
223,trajectory_223.csv
224,trajectory_224.csv
225,trajectory_225.csv
226,trajectory_226.csv
227,trajectory_227.csv
228,trajectory_228.csv
229,trajectory_229.csv
230,trajectory_230.csv
231,trajectory_231.csv
232,trajectory_232.csv
233,trajectory_233.csv
234,trajectory_234.csv
235,trajectory_235.csv
236,trajectory_236.csv
237,trajectory_237.csv
238,trajectory_238.csv
239,trajectory_239.csv
240,trajectory_240.csv
241,trajectory_241.csv
242,trajectory_242.csv
243,trajectory_243.csv
244,trajectory_244.csv
245,trajectory_245.csv
246,trajectory_246.csv
247,trajectory_247.csv
248,trajectory_248.csv
249,trajectory_249.csv
250,trajectory_250.csv
251,trajectory_251.csv
252,trajectory_252.csv
253,trajectory_253.csv
254,trajectory_254.csv
255,trajectory_255.csv
256,trajectory_256.csv
257,trajectory_257.csv
258,trajectory_258.csv
259,trajectory_259.csv
260,trajectory_260.csv
261,trajectory_261.csv
262,trajectory_262.csv
263,trajectory_263.csv
264,trajectory_264.csv
265,trajectory_265.csv
266,trajectory_266.csv
267,trajectory_267.csv
268,trajectory_268.csv
269,trajectory_269.csv
270,trajectory_270.csv
271,trajectory_271.csv
272,trajectory_272.csv
273,trajectory_273.csv
274,trajectory_274.csv
275,trajectory_275.csv
276,trajectory_276.csv
277,trajectory_277.csv
278,trajectory_278.csv
279,trajectory_279.csv
280,trajectory_280.csv
281,trajectory_281.csv
282,trajectory_282.csv
283,trajectory_283.csv
284,trajectory_284.csv
285,trajectory_285.csv
286,trajectory_286.csv
287,trajectory_287.csv
288,trajectory_288.csv
289,trajectory_289.csv
290,trajectory_290.csv
291,trajectory_291.csv
292,trajectory_292.csv
293,trajectory_293.csv
294,trajectory_294.csv
295,trajectory_295.csv
296,trajectory_296.csv
297,trajectory_297.csv
298,trajectory_298.csv
299,trajectory_299.csv
300,trajectory_300.csv
301,trajectory_301.csv
302,trajectory_302.csv
303,trajectory_303.csv
304,trajectory_304.csv
305,trajectory_305.csv
306,trajectory_306.csv
307,trajectory_307.csv
308,trajectory_308.csv
309,trajectory_309.csv
310,trajectory_310.csv
311,trajectory_311.csv
312,trajectory_312.csv
313,trajectory_313.csv
314,trajectory_314.csv
315,trajectory_315.csv
316,trajectory_316.csv
317,trajectory_317.csv
318,trajectory_318.csv
319,trajectory_319.csv
320,trajectory_320.csv
321,trajectory_321.csv
322,trajectory_322.csv
323,trajectory_323.csv
324,trajectory_324.csv
325,trajectory_325.csv
326,trajectory_326.csv
327,trajectory_327.csv
328,trajectory_328.csv
329,trajectory_329.csv
330,trajectory_330.csv
331,trajectory_331.csv
332,trajectory_332.csv
333,trajectory_333.csv
334,trajectory_334.csv
335,trajectory_335.csv
336,trajectory_336.csv
337,trajectory_337.csv
338,trajectory_338.csv
339,trajectory_339.csv
340,trajectory_340.csv
341,trajectory_341.csv
342,trajectory_342.csv
343,trajectory_343.csv
344,trajectory_344.csv
345,trajectory_345.csv
346,trajectory_346.csv
347,trajectory_347.csv
348,trajectory_348.csv
349,trajectory_349.csv
350,trajectory_350.csv
351,trajectory_351.csv
352,trajectory_352.csv
353,trajectory_353.csv
354,trajectory_354.csv
355,trajectory_355.csv
356,trajectory_356.csv
357,trajectory_357.csv
358,trajectory_358.csv
359,trajectory_359.csv
360,trajectory_360.csv
361,trajectory_361.csv
362,trajectory_362.csv
363,trajectory_363.csv
364,trajectory_364.csv
365,trajectory_365.csv
366,trajectory_366.csv
367,trajectory_367.csv
368,trajectory_368.csv
369,trajectory_369.csv
370,trajectory_370.csv
371,trajectory_371.csv
372,trajectory_372.csv
373,trajectory_373.csv
374,trajectory_374.csv
375,trajectory_375.csv
376,trajectory_376.csv
377,trajectory_377.csv
378,trajectory_378.csv
379,trajectory_379.csv
380,trajectory_380.csv
381,trajectory_381.csv
382,trajectory_382.csv
383,trajectory_383.csv
384,trajectory_384.csv
385,trajectory_385.csv
386,trajectory_386.csv
387,trajectory_387.csv
388,trajectory_388.csv
389,trajectory_389.csv
390,trajectory_390.csv
391,trajectory_391.csv
392,trajectory_392.csv
393,trajectory_393.csv
394,trajectory_394.csv
395,trajectory_395.csv
396,trajectory_396.csv
397,trajectory_397.csv
398,trajectory_398.csv
399,trajectory_399.csv
400,trajectory_400.csv
401,trajectory_401.csv
402,trajectory_402.csv
403,trajectory_403.csv
404,trajectory_404.csv
405,trajectory_405.csv
406,trajectory_406.csv
407,trajectory_407.csv
408,trajectory_408.csv
409,trajectory_409.csv
410,trajectory_410.csv
411,trajectory_411.csv
412,trajectory_412.csv
413,trajectory_413.csv
414,trajectory_414.csv
415,trajectory_415.csv
416,trajectory_416.csv
417,trajectory_417.csv
418,trajectory_418.csv
419,trajectory_419.csv
420,trajectory_420.csv
421,trajectory_421.csv
422,trajectory_422.csv
423,trajectory_423.csv
424,trajectory_424.csv
425,trajectory_425.csv
426,trajectory_426.csv
427,trajectory_427.csv
428,trajectory_428.csv
429,trajectory_429.csv
430,trajectory_430.csv
431,trajectory_431.csv
432,trajectory_432.csv
433,trajectory_433.csv
434,trajectory_434.csv
435,trajectory_435.csv
436,trajectory_436.csv
437,trajectory_437.csv
438,trajectory_438.csv
439,trajectory_439.csv
440,trajectory_440.csv
441,trajectory_441.csv
442,trajectory_442.csv
443,trajectory_443.csv
444,trajectory_444.csv
445,trajectory_445.csv
446,trajectory_446.csv
447,trajectory_447.csv
448,trajectory_448.csv
449,trajectory_449.csv
450,trajectory_450.csv
451,trajectory_451.csv
452,trajectory_452.csv
453,trajectory_453.csv
454,trajectory_454.csv
455,trajectory_455.csv
456,trajectory_456.csv
457,trajectory_457.csv
458,trajectory_458.csv
459,trajectory_459.csv
460,trajectory_460.csv
461,trajectory_461.csv
462,trajectory_462.csv
463,trajectory_463.csv
464,trajectory_464.csv
465,trajectory_465.csv
466,trajectory_466.csv
467,trajectory_467.csv
468,trajectory_468.csv
469,trajectory_469.csv
470,trajectory_470.csv
471,trajectory_471.csv
472,trajectory_472.csv
473,trajectory_473.csv
474,trajectory_474.csv
475,trajectory_475.csv
476,trajectory_476.csv
477,trajectory_477.csv
478,trajectory_478.csv
479,trajectory_479.csv
480,trajectory_480.csv
481,trajectory_481.csv
482,trajectory_482.csv
483,trajectory_483.csv
484,trajectory_484.csv
485,trajectory_485.csv
486,trajectory_486.csv
487,trajectory_487.csv
488,trajectory_488.csv
489,trajectory_489.csv
490,trajectory_490.csv
491,trajectory_491.csv
492,trajectory_492.csv
493,trajectory_493.csv
494,trajectory_494.csv
495,trajectory_495.csv
496,trajectory_496.csv
497,trajectory_497.csv
498,trajectory_498.csv
499,trajectory_499.csv
500,trajectory_500.csv
501,trajectory_501.csv
502,trajectory_502.csv
503,trajectory_503.csv
504,trajectory_504.csv
505,trajectory_505.csv
506,trajectory_506.csv
507,trajectory_507.csv
508,trajectory_508.csv
509,trajectory_509.csv
510,trajectory_510.csv
511,trajectory_511.csv
512,trajectory_512.csv
513,trajectory_513.csv
514,trajectory_514.csv
515,trajectory_515.csv
516,trajectory_516.csv
517,trajectory_517.csv
518,trajectory_518.csv
519,trajectory_519.csv
520,trajectory_520.csv
521,trajectory_521.csv
522,trajectory_522.csv
523,trajectory_523.csv
524,trajectory_524.csv
525,trajectory_525.csv
526,trajectory_526.csv
527,trajectory_527.csv
528,trajectory_528.csv
529,trajectory_529.csv
530,trajectory_530.csv
531,trajectory_531.csv
532,trajectory_532.csv
533,trajectory_533.csv
534,trajectory_534.csv
535,trajectory_535.csv
536,trajectory_536.csv
537,trajectory_537.csv
538,trajectory_538.csv
539,trajectory_539.csv
540,trajectory_540.csv
541,trajectory_541.csv
542,trajectory_542.csv
543,trajectory_543.csv
544,trajectory_544.csv
545,trajectory_545.csv
546,trajectory_546.csv
547,trajectory_547.csv
548,trajectory_548.csv
549,trajectory_549.csv
550,trajectory_550.csv
551,trajectory_551.csv
552,trajectory_552.csv
553,trajectory_553.csv
554,trajectory_554.csv
555,trajectory_555.csv
556,trajectory_556.csv
557,trajectory_557.csv
558,trajectory_558.csv
559,trajectory_559.csv
560,trajectory_560.csv
561,trajectory_561.csv
562,trajectory_562.csv
563,trajectory_563.csv
564,trajectory_564.csv
565,trajectory_565.csv
566,trajectory_566.csv
567,trajectory_567.csv
568,trajectory_568.csv
569,trajectory_569.csv
570,trajectory_570.csv
571,trajectory_571.csv
572,trajectory_572.csv
573,trajectory_573.csv
574,trajectory_574.csv
575,trajectory_575.csv
576,trajectory_576.csv
577,trajectory_577.csv
578,trajectory_578.csv
579,trajectory_579.csv
580,trajectory_580.csv
581,trajectory_581.csv
582,trajectory_582.csv
583,trajectory_583.csv
584,trajectory_584.csv
585,trajectory_585.csv
586,trajectory_586.csv
587,trajectory_587.csv
588,trajectory_588.csv
589,trajectory_589.csv
590,trajectory_590.csv
591,trajectory_591.csv
592,trajectory_592.csv
593,trajectory_593.csv
594,trajectory_594.csv
595,trajectory_595.csv
596,trajectory_596.csv
597,trajectory_597.csv
598,trajectory_598.csv
599,trajectory_599.csv
600,trajectory_600.csv
601,trajectory_601.csv
602,trajectory_602.csv
603,trajectory_603.csv
604,trajectory_604.csv
605,trajectory_605.csv
606,trajectory_606.csv
607,trajectory_607.csv
608,trajectory_608.csv
609,trajectory_609.csv
610,trajectory_610.csv
611,trajectory_611.csv
612,trajectory_612.csv
613,trajectory_613.csv
614,trajectory_614.csv
615,trajectory_615.csv
616,trajectory_616.csv
617,trajectory_617.csv
618,trajectory_618.csv
619,trajectory_619.csv
620,trajectory_620.csv
621,trajectory_621.csv
622,trajectory_622.csv
623,trajectory_623.csv
624,trajectory_624.csv
625,trajectory_625.csv
626,trajectory_626.csv
627,trajectory_627.csv
628,trajectory_628.csv
629,trajectory_629.csv
630,trajectory_630.csv
631,trajectory_631.csv
632,trajectory_632.csv
633,trajectory_633.csv
634,trajectory_634.csv
635,trajectory_635.csv
636,trajectory_636.csv
637,trajectory_637.csv
638,trajectory_638.csv
639,trajectory_639.csv
640,trajectory_640.csv
641,trajectory_641.csv
642,trajectory_642.csv
643,trajectory_643.csv
644,trajectory_644.csv
645,trajectory_645.csv
646,trajectory_646.csv
647,trajectory_647.csv
648,trajectory_648.csv
649,trajectory_649.csv
650,trajectory_650.csv
651,trajectory_651.csv
652,trajectory_652.csv
653,trajectory_653.csv
654,trajectory_654.csv
655,trajectory_655.csv
656,trajectory_656.csv
657,trajectory_657.csv
658,trajectory_658.csv
659,trajectory_659.csv
660,trajectory_660.csv
661,trajectory_661.csv
662,trajectory_662.csv
663,trajectory_663.csv
664,trajectory_664.csv
665,trajectory_665.csv
666,trajectory_666.csv
667,trajectory_667.csv
668,trajectory_668.csv
669,trajectory_669.csv
670,trajectory_670.csv
671,trajectory_671.csv
672,trajectory_672.csv
673,trajectory_673.csv
674,trajectory_674.csv
675,trajectory_675.csv
676,trajectory_676.csv
677,trajectory_677.csv
678,trajectory_678.csv
679,trajectory_679.csv
680,trajectory_680.csv
681,trajectory_681.csv
682,trajectory_682.csv
683,trajectory_683.csv
684,trajectory_684.csv
685,trajectory_685.csv
686,trajectory_686.csv
687,trajectory_687.csv
688,trajectory_688.csv
689,trajectory_689.csv
690,trajectory_690.csv
691,trajectory_691.csv
692,trajectory_692.csv
693,trajectory_693.csv
694,trajectory_694.csv
695,trajectory_695.csv
696,trajectory_696.csv
697,trajectory_697.csv
698,trajectory_698.csv
699,trajectory_699.csv
700,trajectory_700.csv
701,trajectory_701.csv
702,trajectory_702.csv
703,trajectory_703.csv
704,trajectory_704.csv
705,trajectory_705.csv
706,trajectory_706.csv
707,trajectory_707.csv
708,trajectory_708.csv
709,trajectory_709.csv
710,trajectory_710.csv
711,trajectory_711.csv
712,trajectory_712.csv
713,trajectory_713.csv
714,trajectory_714.csv
715,trajectory_715.csv
716,trajectory_716.csv
717,trajectory_717.csv
718,trajectory_718.csv
719,trajectory_719.csv
720,trajectory_720.csv
721,trajectory_721.csv
722,trajectory_722.csv
723,trajectory_723.csv
724,trajectory_724.csv
725,trajectory_725.csv
726,trajectory_726.csv
727,trajectory_727.csv
728,trajectory_728.csv
729,trajectory_729.csv
730,trajectory_730.csv
731,trajectory_731.csv
732,trajectory_732.csv
733,trajectory_733.csv
734,trajectory_734.csv
735,trajectory_735.csv
736,trajectory_736.csv
737,trajectory_737.csv
738,trajectory_738.csv
739,trajectory_739.csv
740,trajectory_740.csv
741,trajectory_741.csv
742,trajectory_742.csv
743,trajectory_743.csv
744,trajectory_744.csv
745,trajectory_745.csv
746,trajectory_746.csv
747,trajectory_747.csv
748,trajectory_748.csv
749,trajectory_749.csv
750,trajectory_750.csv
751,trajectory_751.csv
752,trajectory_752.csv
753,trajectory_753.csv
754,trajectory_754.csv
755,trajectory_755.csv
756,trajectory_756.csv
757,trajectory_757.csv
758,trajectory_758.csv
759,trajectory_759.csv
760,trajectory_760.csv
761,trajectory_761.csv
762,trajectory_762.csv
763,trajectory_763.csv
764,trajectory_764.csv
765,trajectory_765.csv
766,trajectory_766.csv
767,trajectory_767.csv
768,trajectory_768.csv
769,trajectory_769.csv
770,trajectory_770.csv
771,trajectory_771.csv
772,trajectory_772.csv
773,trajectory_773.csv
774,trajectory_774.csv
775,trajectory_775.csv
776,trajectory_776.csv
777,trajectory_777.csv
778,trajectory_778.csv
779,trajectory_779.csv
780,trajectory_780.csv
781,trajectory_781.csv
782,trajectory_782.csv
783,trajectory_783.csv
784,trajectory_784.csv
785,trajectory_785.csv
786,trajectory_786.csv
787,trajectory_787.csv
788,trajectory_788.csv
789,trajectory_789.csv
790,trajectory_790.csv
791,trajectory_791.csv
792,trajectory_792.csv
793,trajectory_793.csv
794,trajectory_794.csv
795,trajectory_795.csv
796,trajectory_796.csv
797,trajectory_797.csv
798,trajectory_798.csv
799,trajectory_799.csv
800,trajectory_800.csv
801,trajectory_801.csv
802,trajectory_802.csv
803,trajectory_803.csv
804,trajectory_804.csv
805,trajectory_805.csv
806,trajectory_806.csv
807,trajectory_807.csv
808,trajectory_808.csv
809,trajectory_809.csv
810,trajectory_810.csv
811,trajectory_811.csv
812,trajectory_812.csv
813,trajectory_813.csv
814,trajectory_814.csv
815,trajectory_815.csv
816,trajectory_816.csv
817,trajectory_817.csv
818,trajectory_818.csv
819,trajectory_819.csv
820,trajectory_820.csv
821,trajectory_821.csv
822,trajectory_822.csv
823,trajectory_823.csv
824,trajectory_824.csv
825,trajectory_825.csv
826,trajectory_826.csv
827,trajectory_827.csv
828,trajectory_828.csv
829,trajectory_829.csv
830,trajectory_830.csv
831,trajectory_831.csv
832,trajectory_832.csv
833,trajectory_833.csv
834,trajectory_834.csv
835,trajectory_835.csv
836,trajectory_836.csv
837,trajectory_837.csv
838,trajectory_838.csv
839,trajectory_839.csv
840,trajectory_840.csv
841,trajectory_841.csv
842,trajectory_842.csv
843,trajectory_843.csv
844,trajectory_844.csv
845,trajectory_845.csv
846,trajectory_846.csv
847,trajectory_847.csv
848,trajectory_848.csv
849,trajectory_849.csv
850,trajectory_850.csv
851,trajectory_851.csv
852,trajectory_852.csv
853,trajectory_853.csv
854,trajectory_854.csv
855,trajectory_855.csv
856,trajectory_856.csv
857,trajectory_857.csv
858,trajectory_858.csv
859,trajectory_859.csv
860,trajectory_860.csv
861,trajectory_861.csv
862,trajectory_862.csv
863,trajectory_863.csv
864,trajectory_864.csv
865,trajectory_865.csv
866,trajectory_866.csv
867,trajectory_867.csv
868,trajectory_868.csv
869,trajectory_869.csv
870,trajectory_870.csv
871,trajectory_871.csv
872,trajectory_872.csv
873,trajectory_873.csv
874,trajectory_874.csv
875,trajectory_875.csv
876,trajectory_876.csv
877,trajectory_877.csv
878,trajectory_878.csv
879,trajectory_879.csv
880,trajectory_880.csv
881,trajectory_881.csv
882,trajectory_882.csv
883,trajectory_883.csv
884,trajectory_884.csv
885,trajectory_885.csv
886,trajectory_886.csv
887,trajectory_887.csv
888,trajectory_888.csv
889,trajectory_889.csv
890,trajectory_890.csv
891,trajectory_891.csv
892,trajectory_892.csv
893,trajectory_893.csv
894,trajectory_894.csv
895,trajectory_895.csv
896,trajectory_896.csv
897,trajectory_897.csv
898,trajectory_898.csv
899,trajectory_899.csv
900,trajectory_900.csv
901,trajectory_901.csv
902,trajectory_902.csv
903,trajectory_903.csv
904,trajectory_904.csv
905,trajectory_905.csv
906,trajectory_906.csv
907,trajectory_907.csv
908,trajectory_908.csv
909,trajectory_909.csv
910,trajectory_910.csv
911,trajectory_911.csv
912,trajectory_912.csv
913,trajectory_913.csv
914,trajectory_914.csv
915,trajectory_915.csv
916,trajectory_916.csv
917,trajectory_917.csv
918,trajectory_918.csv
919,trajectory_919.csv
920,trajectory_920.csv
921,trajectory_921.csv
922,trajectory_922.csv
923,trajectory_923.csv
924,trajectory_924.csv
925,trajectory_925.csv
926,trajectory_926.csv
927,trajectory_927.csv
928,trajectory_928.csv
929,trajectory_929.csv
930,trajectory_930.csv
931,trajectory_931.csv
932,trajectory_932.csv
933,trajectory_933.csv
934,trajectory_934.csv
935,trajectory_935.csv
936,trajectory_936.csv
937,trajectory_937.csv
938,trajectory_938.csv
939,trajectory_939.csv
940,trajectory_940.csv
941,trajectory_941.csv
942,trajectory_942.csv
943,trajectory_943.csv
944,trajectory_944.csv
945,trajectory_945.csv
946,trajectory_946.csv
947,trajectory_947.csv
948,trajectory_948.csv
949,trajectory_949.csv
950,trajectory_950.csv
951,trajectory_951.csv
952,trajectory_952.csv
953,trajectory_953.csv
954,trajectory_954.csv
955,trajectory_955.csv
956,trajectory_956.csv
957,trajectory_957.csv
958,trajectory_958.csv
959,trajectory_959.csv
960,trajectory_960.csv
961,trajectory_961.csv
962,trajectory_962.csv
963,trajectory_963.csv
964,trajectory_964.csv
965,trajectory_965.csv
966,trajectory_966.csv
967,trajectory_967.csv
968,trajectory_968.csv
969,trajectory_969.csv
970,trajectory_970.csv
971,trajectory_971.csv
972,trajectory_972.csv
973,trajectory_973.csv
974,trajectory_974.csv
975,trajectory_975.csv
976,trajectory_976.csv
977,trajectory_977.csv
978,trajectory_978.csv
979,trajectory_979.csv
980,trajectory_980.csv
981,trajectory_981.csv
982,trajectory_982.csv
983,trajectory_983.csv
984,trajectory_984.csv
985,trajectory_985.csv
986,trajectory_986.csv
987,trajectory_987.csv
988,trajectory_988.csv
989,trajectory_989.csv
990,trajectory_990.csv
991,trajectory_991.csv
992,trajectory_992.csv
993,trajectory_993.csv
994,trajectory_994.csv
995,trajectory_995.csv
996,trajectory_996.csv
997,trajectory_997.csv
998,trajectory_998.csv
999,trajectory_999.csv
