index,timestep,Offset_Tr_X,Offset_Tr_Y,Offset_Tr_Z,accumulated_integrand:TotalIntegrand,accumulated_integrand:FlowIntegrand
0,0.0,0.0,0.0,0.0,-0.28678942,4.465314
1,0.025641026,0.01923574,0.08094736,-0.0493281,-0.28678942,4.465314
2,0.051282052,-0.0144541245,0.040080663,-0.10807501,-0.28678942,4.465314
3,0.07692308,0.025058804,0.040783394,-0.18025392,-0.28678942,4.465314
4,0.102564104,0.17207581,0.10162864,-0.23581448,-0.28678942,4.465314
5,0.12820514,0.085873775,0.22887704,-0.32226664,-0.28678942,4.465314
6,0.15384616,0.14579532,0.21528196,-0.46965414,-0.28678942,4.465314
7,0.17948718,-0.039138675,-0.11276165,-0.304545,-0.28678942,4.465314
8,0.20512821,-0.034951184,-0.024034292,-0.34222913,-0.28678942,4.465314
9,0.23076923,-0.31432348,-0.058366433,-0.34014726,-0.28678942,4.465314
10,0.25641027,-0.3238713,-0.506043,-0.4636894,-0.28678942,4.465314
11,0.2820513,-0.7258915,-0.66305447,-0.7198735,-0.28678942,4.465314
12,0.30769232,-0.96887004,-0.42806453,-0.8417423,-0.28678942,4.465314
13,0.33333334,-1.2641255,0.0630779,-1.6342301,-0.28678942,4.465314
14,0.35897437,-2.1316574,0.3904324,-1.4448283,-0.28678942,4.465314
15,0.3846154,-2.3546846,0.19573423,-1.4605082,-0.28678942,4.465314
16,0.41025642,-2.8496284,-0.67994905,-1.5667585,-0.28678942,4.465314
17,0.43589744,-2.7175412,-1.4066894,-1.105564,-0.28678942,4.465314
18,0.46153846,-2.4106889,-0.9965315,-0.70237136,-0.28678942,4.465314
19,0.4871795,-2.139367,-0.97746265,-1.0634665,-0.28678942,4.465314
20,0.5128205,-2.5503497,-1.0066758,-2.9575806,-0.28678942,4.465314
21,0.5384615,-3.291106,0.3521489,-2.0204163,-0.28678942,4.465314
22,0.56410253,-3.4540555,2.5769382,-0.16857481,-0.28678942,4.465314
23,0.5897436,-3.1956496,2.8024688,1.3157849,-0.28678942,4.465314
24,0.61538464,-3.727086,1.9782786,0.26782954,-0.28678942,4.465314
25,0.64102566,-3.834787,3.5213637,0.16524705,-0.28678942,4.465314
26,0.6666667,0.009054661,2.0761194,0.54999435,-0.28678942,4.465314
27,0.6923077,-1.870276,4.3768144,4.803637,-0.28678942,4.465314
28,0.71794873,-2.6943867,-1.0630627,2.8241587,-0.28678942,4.465314
29,0.74358976,-6.0193396,5.049111,-1.6456809,-0.28678942,4.465314
30,0.7692308,-10.679247,4.254124,-1.0465069,-0.28678942,4.465314
31,0.7948718,-8.238605,0.8670356,-3.5730562,-0.28678942,4.465314
32,0.82051283,-5.4777403,6.1684237,-4.1678157,-0.28678942,4.465314
33,0.84615386,4.394084,7.0162444,-0.9217067,-0.28678942,4.465314
34,0.8717949,10.559109,17.77178,-1.5015087,-0.28678942,4.465314
35,0.8974359,6.435681,14.391937,-0.91519547,-0.28678942,4.465314
36,0.9230769,4.591182,19.982683,0.65199614,-0.28678942,4.465314
37,0.94871795,8.935715,22.256882,-1.0209621,-0.28678942,4.465314
38,0.974359,5.6818905,5.4918537,2.2083788,-0.28678942,4.465314
39,1.0,-2.9523048,31.392424,4.011855,-0.28678942,4.465314
